user_id,corporate_id,role
10000,40008,employee
10002,40016,follows
10003,40018,employee
10006,40023,follows
10008,40023,employee
10009,40007,employee
10011,40000,employee
10013,40009,employee
10018,40012,employee
10019,40038,follows
10021,40039,employee
10022,40036,employee
10024,40037,employee
10030,40043,employee
10033,40029,follows
10036,40036,employee
10037,40025,follows
10038,40004,employee
10041,40018,follows
10042,40013,employee
10044,40017,follows
10045,40024,employee
10047,40009,follows
10048,40002,employee
10050,40001,follows
10051,40034,employee
10053,40043,employee
10054,40009,employee
10055,40026,follows
10059,40022,follows
10060,40042,follows
10062,40012,employee
10063,40023,follows
10066,40029,employee
10069,40008,employee
10071,40035,employee
10073,40038,employee
10074,40007,employee
10077,40008,employee
10078,40030,employee
10082,40040,follows
10083,40038,follows
10084,40047,employee
10085,40033,employee
10086,40022,follows
10087,40044,follows
10088,40047,employee
10092,40013,employee
10094,40015,employee
10096,40038,employee
10097,40034,employee
10099,40039,employee
10104,40005,follows
10107,40035,follows
10109,40028,employee
10110,40038,employee
10112,40018,employee
10115,40012,employee
10118,40004,employee
10119,40034,follows
10121,40016,follows
10126,40007,follows
10127,40031,employee
10129,40037,employee
10130,40016,employee
10131,40025,employee
10132,40022,employee
10136,40000,employee
10138,40008,employee
10139,40014,employee
10141,40025,employee
10142,40012,follows
10143,40002,employee
10144,40025,employee
10148,40026,employee
10153,40040,employee
10154,40000,employee
10156,40038,employee
10157,40019,employee
10158,40027,follows
10159,40029,employee
10162,40000,follows
10163,40012,employee
10167,40049,employee
10169,40027,employee
10170,40003,employee
10171,40004,employee
10172,40026,employee
10174,40011,employee
10176,40035,follows
10177,40034,employee
10178,40006,follows
10179,40038,employee
10181,40043,employee
10182,40002,employee
10185,40027,follows
10187,40028,employee
10189,40002,employee
10191,40034,follows
10193,40033,employee
10195,40004,employee
10196,40046,follows
10201,40001,employee
10204,40048,employee
10207,40047,employee
10208,40014,follows
10210,40033,employee
10213,40034,follows
10215,40000,employee
10217,40000,follows
10219,40006,follows
10225,40028,employee
10226,40049,employee
10228,40010,follows
10232,40004,employee
10233,40022,employee
10236,40006,employee
10237,40004,employee
10240,40008,follows
10241,40020,employee
10242,40030,employee
10243,40032,employee
10244,40009,employee
10249,40029,employee
10252,40039,follows
10253,40037,employee
10254,40015,employee
10256,40017,employee
10260,40037,employee
10261,40002,follows
10263,40013,follows
10264,40026,employee
10265,40015,employee
10266,40020,follows
10272,40011,employee
10274,40049,follows
10275,40003,follows
10277,40033,follows
10278,40042,follows
10279,40035,follows
10280,40011,employee
10283,40036,employee
10286,40043,follows
10287,40034,employee
10289,40027,employee
10291,40007,employee
10292,40039,employee
10293,40001,employee
10295,40016,employee
10296,40011,follows
10297,40022,follows
10298,40008,employee
10302,40011,employee
10303,40007,employee
10304,40004,employee
10305,40027,employee
10306,40013,employee
10307,40002,employee
10310,40001,employee
10312,40019,follows
10315,40004,follows
10316,40009,follows
10318,40024,follows
10319,40022,employee
10320,40005,follows
10321,40026,employee
10323,40025,employee
10325,40015,employee
10330,40009,employee
10331,40033,employee
10334,40030,employee
10335,40004,employee
10336,40002,follows
10337,40030,follows
10338,40009,employee
10339,40021,employee
10342,40048,follows
10343,40040,follows
10344,40026,employee
10346,40039,employee
10349,40033,follows
10350,40001,follows
10356,40005,employee
10357,40030,employee
10358,40029,follows
10360,40004,employee
10362,40032,follows
10363,40020,follows
10364,40010,follows
10366,40024,follows
10367,40048,employee
10368,40019,employee
10369,40044,employee
10371,40038,employee
10374,40036,employee
10381,40031,employee
10383,40032,follows
10384,40019,employee
10385,40000,follows
10386,40042,follows
10387,40009,employee
10388,40012,follows
10389,40000,employee
10390,40024,follows
10392,40010,employee
10393,40005,employee
10394,40026,follows
10396,40046,follows
10397,40006,employee
10398,40004,employee
10400,40047,follows
10403,40023,employee
10404,40027,employee
10405,40037,employee
10407,40045,employee
10411,40020,follows
10412,40012,employee
10413,40036,employee
10416,40005,employee
10418,40001,employee
10420,40034,employee
10422,40046,follows
10423,40003,follows
10424,40020,employee
10425,40027,employee
10428,40019,follows
10433,40006,employee
10434,40048,employee
10438,40041,employee
10439,40007,employee
10440,40004,employee
10441,40004,follows
10442,40036,employee
10445,40021,employee
10446,40018,follows
10448,40049,employee
10450,40048,follows
10455,40017,employee
10456,40046,employee
10461,40014,follows
10462,40021,follows
10469,40028,employee
10474,40026,follows
10478,40025,employee
10480,40043,employee
10483,40039,employee
10484,40021,employee
10485,40018,follows
10487,40046,follows
10489,40032,employee
10491,40048,employee
10492,40024,follows
10494,40008,employee
10495,40009,employee
10496,40030,follows
10503,40037,employee
10504,40025,employee
10507,40038,employee
10509,40029,employee
10510,40047,follows
10512,40043,follows
10518,40018,employee
10519,40009,follows
10520,40012,follows
10521,40015,employee
10522,40033,employee
10528,40027,follows
10529,40019,employee
10532,40030,employee
10533,40012,employee
10534,40027,employee
10537,40046,employee
10538,40016,employee
10542,40013,follows
10551,40001,employee
10552,40032,employee
10555,40027,employee
10558,40009,employee
10561,40046,employee
10562,40043,employee
10564,40045,employee
10567,40006,follows
10568,40019,employee
10570,40040,follows
10572,40041,employee
10577,40043,follows
10579,40023,employee
10581,40004,employee
10582,40036,employee
10586,40000,follows
10590,40010,follows
10596,40027,employee
10597,40028,employee
10598,40034,employee
10599,40008,follows
10601,40008,employee
10603,40004,follows
10604,40040,employee
10608,40043,employee
10614,40040,employee
10616,40033,follows
10618,40000,employee
10622,40043,follows
10623,40007,follows
10625,40006,employee
10626,40022,employee
10627,40002,employee
10628,40046,employee
10632,40049,follows
10633,40020,employee
10634,40046,employee
10635,40013,employee
10636,40036,employee
10637,40048,follows
10641,40002,employee
10643,40034,employee
10645,40039,employee
10648,40008,employee
10650,40040,employee
10651,40020,employee
10652,40032,employee
10653,40000,follows
10654,40034,employee
10655,40014,follows
10656,40039,follows
10657,40023,employee
10659,40019,employee
10662,40049,employee
10664,40043,employee
10668,40044,employee
10669,40000,employee
10671,40000,employee
10673,40022,employee
10674,40028,follows
10677,40000,employee
10678,40016,follows
10682,40042,follows
10684,40005,follows
10689,40011,employee
10691,40028,follows
10694,40044,follows
10698,40018,employee
10699,40026,employee
10700,40043,follows
10701,40019,employee
10703,40042,employee
10704,40034,employee
10706,40001,follows
10707,40017,follows
10708,40014,follows
10709,40041,employee
10712,40039,employee
10714,40010,employee
10716,40040,employee
10719,40014,employee
10722,40002,employee
10723,40043,employee
10724,40008,follows
10725,40029,employee
10726,40011,follows
10728,40022,follows
10729,40017,follows
10730,40044,employee
10733,40007,employee
10734,40021,follows
10735,40033,employee
10736,40007,follows
10738,40032,employee
10739,40038,employee
10742,40019,follows
10744,40032,follows
10745,40009,employee
10747,40044,follows
10750,40006,follows
10752,40018,follows
10754,40017,employee
10755,40028,follows
10756,40030,follows
10761,40037,follows
10762,40005,follows
10768,40023,employee
10769,40047,employee
10771,40049,employee
10774,40028,employee
10776,40005,employee
10780,40030,employee
10782,40048,employee
10785,40013,employee
10788,40019,employee
10790,40005,employee
10791,40031,follows
10793,40002,employee
10796,40033,employee
10798,40034,employee
10800,40009,employee
10801,40000,employee
10803,40010,follows
10804,40023,follows
10805,40048,employee
10807,40049,employee
10808,40045,employee
10809,40014,employee
10811,40029,employee
10815,40015,follows
10816,40008,employee
10817,40027,employee
10821,40049,employee
10823,40047,employee
10825,40014,employee
10826,40039,employee
10828,40002,employee
10829,40018,employee
10831,40013,employee
10832,40036,follows
10833,40040,employee
10835,40020,employee
10838,40040,employee
10841,40033,follows
10843,40022,employee
10847,40031,employee
10848,40024,employee
10849,40048,employee
10852,40048,employee
10855,40005,employee
10860,40005,employee
10866,40003,follows
10868,40037,follows
10870,40003,employee
10872,40027,employee
10876,40022,employee
10880,40032,employee
10882,40023,employee
10883,40029,follows
10887,40027,employee
10888,40049,follows
10889,40002,employee
10890,40039,follows
10893,40001,employee
10897,40006,employee
10899,40043,employee
10900,40010,follows
10902,40029,employee
10903,40014,employee
10906,40018,employee
10907,40042,employee
10908,40012,follows
10909,40042,employee
10911,40005,employee
10914,40005,follows
10916,40035,employee
10917,40026,follows
10924,40004,employee
10925,40028,employee
10928,40041,employee
10930,40043,employee
10931,40048,employee
10933,40024,follows
10935,40028,employee
10936,40000,employee
10939,40033,follows
10941,40007,employee
10946,40007,employee
10947,40028,follows
10953,40013,employee
10954,40046,follows
10960,40026,follows
10962,40045,employee
10963,40017,employee
10964,40023,employee
10965,40043,employee
10968,40029,follows
10973,40034,employee
10976,40006,follows
10979,40031,follows
10983,40041,follows
10984,40033,employee
10986,40047,follows
10987,40042,employee
10989,40040,employee
10991,40040,follows
10992,40008,follows
10998,40044,follows
10999,40039,employee
11000,40018,follows
11001,40017,employee
11011,40026,follows
11012,40049,follows
11013,40022,employee
11014,40009,employee
11016,40018,follows
11017,40023,employee
11018,40008,employee
11019,40027,employee
11020,40041,follows
11022,40022,employee
11023,40013,follows
11025,40011,employee
11026,40006,follows
11029,40010,follows
11030,40029,employee
11031,40039,employee
11032,40037,employee
11034,40040,employee
11036,40000,employee
11039,40007,employee
11041,40026,employee
11043,40026,follows
11044,40042,follows
11045,40029,employee
11050,40028,employee
11051,40042,employee
11052,40010,follows
11053,40000,employee
11054,40044,employee
11056,40028,follows
11057,40026,employee
11058,40031,employee
11059,40019,employee
11060,40018,employee
11062,40017,employee
11064,40047,employee
11066,40049,employee
11067,40028,employee
11068,40012,employee
11069,40034,employee
11070,40045,follows
11071,40043,follows
11072,40029,follows
11073,40001,employee
11074,40049,employee
11077,40021,employee
11080,40000,employee
11084,40019,employee
11085,40033,follows
11087,40017,employee
11090,40045,employee
11092,40005,follows
11096,40028,employee
11097,40006,employee
11098,40020,follows
11099,40042,employee
11100,40043,employee
11101,40008,follows
11103,40019,employee
11104,40019,follows
11105,40022,employee
11106,40042,follows
11107,40031,follows
11111,40010,follows
11112,40011,employee
11113,40045,employee
11114,40007,employee
11115,40010,follows
11116,40020,follows
11118,40013,follows
11119,40029,employee
11120,40010,follows
11121,40017,employee
11123,40000,follows
11124,40037,employee
11125,40032,follows
11126,40004,employee
11128,40012,follows
11129,40009,employee
11130,40032,follows
11131,40031,employee
11132,40004,employee
11133,40041,employee
11135,40036,employee
11138,40024,employee
11142,40011,employee
11146,40000,follows
11147,40026,employee
11148,40002,employee
11154,40005,follows
11155,40023,employee
11157,40017,follows
11162,40013,employee
11163,40020,follows
11164,40029,employee
11166,40048,employee
11167,40015,follows
11169,40015,employee
11170,40024,employee
11171,40041,employee
11172,40045,employee
11176,40034,follows
11181,40037,employee
11182,40004,follows
11184,40048,employee
11185,40043,employee
11186,40022,employee
11187,40049,follows
11188,40021,employee
11192,40002,employee
11193,40026,follows
11195,40003,employee
11198,40004,employee
11202,40043,follows
11203,40001,follows
11204,40030,employee
11205,40000,follows
11206,40017,employee
11207,40008,employee
11209,40024,employee
11211,40037,employee
11212,40008,employee
11213,40018,employee
11216,40045,follows
11218,40035,employee
11219,40029,employee
11222,40000,employee
11223,40003,follows
11225,40020,employee
11231,40005,employee
11237,40046,employee
11239,40015,follows
11244,40010,employee
11245,40004,employee
11248,40040,follows
11249,40012,follows
11250,40001,employee
11253,40020,follows
11254,40027,follows
11255,40027,follows
11260,40027,employee
11263,40017,employee
11265,40004,employee
11268,40021,follows
11269,40011,employee
11270,40036,employee
11271,40031,employee
11272,40044,employee
11274,40022,employee
11275,40028,follows
11279,40033,employee
11280,40001,employee
11281,40005,follows
11282,40043,follows
11284,40037,follows
11286,40023,employee
11287,40049,follows
11288,40040,employee
11292,40024,employee
11294,40031,follows
11297,40007,employee
11298,40045,employee
11299,40003,follows
11300,40041,employee
11305,40028,employee
11307,40023,follows
11308,40040,follows
11313,40025,follows
11315,40035,employee
11316,40000,follows
11317,40024,follows
11318,40012,follows
11320,40019,employee
11322,40048,employee
11323,40016,employee
11327,40039,employee
11333,40017,employee
11335,40017,employee
11336,40026,employee
11337,40026,follows
11338,40041,employee
11340,40049,follows
11341,40044,employee
11344,40048,employee
11345,40019,employee
11349,40009,follows
11351,40026,follows
11355,40033,employee
11357,40043,follows
11358,40040,employee
11359,40027,employee
11360,40003,follows
11364,40009,employee
11365,40043,employee
11366,40035,employee
11368,40039,employee
11369,40004,employee
11370,40001,employee
11371,40011,employee
11378,40030,follows
11379,40034,employee
11383,40029,follows
11384,40032,employee
11386,40028,employee
11388,40012,employee
11390,40024,follows
11394,40022,follows
11395,40025,employee
11397,40001,employee
11399,40047,employee
11403,40004,employee
11405,40005,follows
11409,40005,employee
11410,40041,follows
11411,40025,employee
11414,40015,employee
11416,40045,follows
11420,40030,follows
11421,40045,follows
11422,40029,follows
11423,40030,follows
11425,40022,employee
11426,40011,employee
11428,40014,employee
11430,40040,employee
11433,40048,employee
11434,40000,employee
11435,40001,employee
11436,40010,follows
11437,40033,follows
11438,40040,follows
11441,40022,follows
11443,40006,follows
11445,40027,follows
11447,40045,follows
11448,40005,employee
11449,40036,employee
11454,40018,employee
11455,40037,employee
11456,40040,follows
11457,40035,employee
11458,40010,employee
11461,40000,employee
11467,40044,follows
11468,40019,follows
11473,40039,follows
11474,40016,employee
11475,40044,employee
11476,40032,employee
11477,40005,employee
11480,40001,employee
11482,40011,employee
11484,40014,employee
11486,40049,employee
11489,40037,employee
11492,40001,employee
11493,40021,employee
11494,40034,employee
11496,40000,employee
11497,40029,employee
11498,40020,employee
11499,40024,follows
11500,40046,follows
11501,40026,employee
11504,40028,employee
11506,40022,employee
11508,40049,employee
11509,40022,employee
11511,40036,employee
11513,40035,follows
11514,40034,employee
11516,40028,follows
11518,40015,employee
11519,40001,employee
11520,40000,follows
11521,40009,employee
11523,40007,employee
11525,40030,follows
11529,40006,employee
11530,40020,employee
11531,40010,follows
11532,40014,employee
11533,40044,employee
11535,40031,follows
11536,40046,follows
11540,40020,follows
11541,40033,follows
11542,40005,employee
11543,40026,follows
11547,40020,follows
11552,40008,follows
11553,40033,employee
11556,40041,employee
11558,40036,follows
11560,40023,follows
11561,40000,follows
11568,40045,employee
11573,40005,follows
11577,40012,employee
11580,40043,employee
11581,40042,employee
11582,40003,employee
11583,40039,employee
11584,40028,employee
11585,40033,employee
11586,40027,follows
11588,40037,follows
11590,40025,employee
11593,40018,employee
11596,40010,employee
11597,40039,follows
11599,40025,employee
11600,40025,employee
11601,40047,employee
11603,40026,employee
11604,40013,follows
11606,40023,follows
11609,40038,employee
11611,40009,employee
11612,40030,employee
11613,40006,employee
11614,40010,employee
11615,40019,employee
11617,40014,employee
11619,40027,follows
11621,40046,employee
11624,40025,employee
11625,40047,employee
11626,40011,employee
11628,40040,employee
11630,40031,follows
11632,40031,employee
11633,40023,follows
11634,40009,employee
11635,40033,follows
11638,40048,follows
11639,40041,employee
11640,40006,employee
11645,40034,follows
11648,40004,employee
11649,40010,employee
11650,40023,employee
11651,40000,employee
11653,40039,employee
11654,40025,follows
11655,40000,follows
11656,40021,follows
11659,40030,employee
11661,40008,follows
11662,40038,follows
11665,40005,employee
11666,40017,employee
11667,40020,employee
11668,40030,follows
11669,40017,employee
11670,40038,employee
11672,40018,employee
11673,40004,employee
11675,40037,employee
11676,40036,employee
11677,40027,follows
11678,40011,employee
11680,40040,employee
11683,40017,employee
11685,40033,employee
11687,40030,follows
11688,40008,follows
11689,40036,employee
11692,40003,employee
11693,40040,employee
11697,40046,employee
11699,40021,employee
11705,40037,employee
11713,40025,follows
11714,40013,employee
11715,40048,employee
11716,40021,employee
11718,40015,employee
11722,40038,employee
11725,40006,employee
11726,40038,follows
11727,40000,employee
11729,40017,follows
11730,40040,employee
11731,40010,employee
11734,40025,employee
11737,40022,follows
11739,40049,employee
11740,40046,employee
11742,40043,employee
11748,40008,employee
11749,40042,employee
11751,40049,follows
11753,40033,follows
11754,40029,employee
11761,40024,follows
11762,40027,employee
11763,40038,employee
11765,40015,employee
11768,40036,employee
11770,40019,employee
11771,40048,employee
11772,40045,employee
11774,40024,follows
11775,40005,follows
11776,40007,employee
11779,40026,follows
11780,40003,employee
11782,40029,employee
11785,40023,employee
11786,40005,employee
11789,40041,employee
11790,40031,employee
11792,40015,follows
11793,40004,employee
11796,40027,follows
11797,40040,follows
11798,40006,employee
11800,40002,follows
11801,40001,employee
11805,40039,employee
11810,40022,follows
11811,40041,employee
11812,40035,follows
11815,40004,employee
11820,40005,employee
11826,40012,employee
11827,40044,follows
11829,40013,employee
11830,40008,follows
11833,40034,employee
11836,40018,employee
11837,40003,employee
11838,40027,employee
11840,40016,employee
11841,40005,employee
11842,40009,employee
11844,40034,follows
11846,40028,employee
11847,40047,employee
11848,40020,employee
11849,40038,employee
11850,40004,follows
11851,40036,employee
11854,40025,follows
11856,40040,follows
11859,40015,follows
11860,40029,employee
11861,40036,employee
11862,40025,employee
11865,40006,employee
11866,40024,employee
11868,40022,employee
11869,40001,employee
11871,40013,employee
11872,40020,employee
11874,40048,follows
11875,40016,employee
11876,40018,employee
11879,40049,employee
11883,40008,employee
11884,40006,employee
11885,40028,employee
11886,40015,follows
11887,40008,employee
11888,40012,follows
11890,40026,follows
11893,40037,employee
11894,40043,employee
11895,40012,employee
11896,40042,employee
11897,40030,employee
11899,40003,follows
11900,40006,employee
11901,40014,employee
11903,40045,employee
11904,40006,employee
11909,40049,follows
11910,40021,employee
11913,40015,employee
11914,40015,follows
11916,40013,follows
11917,40045,employee
11921,40042,employee
11922,40010,employee
11923,40009,employee
11926,40018,employee
11927,40044,employee
11928,40044,employee
11932,40032,employee
11933,40010,employee
11936,40009,employee
11939,40025,follows
11942,40045,employee
11943,40038,employee
11944,40042,follows
11945,40047,employee
11947,40008,follows
11949,40049,employee
11952,40003,employee
11955,40006,employee
11957,40018,employee
11962,40048,employee
11964,40012,employee
11965,40015,follows
11967,40035,employee
11969,40030,employee
11975,40024,employee
11976,40024,employee
11978,40035,employee
11980,40009,employee
11981,40002,employee
11983,40035,employee
11985,40007,follows
11986,40040,follows
11990,40003,follows
11995,40004,follows
11999,40009,employee
12000,40043,employee
12001,40013,employee
12004,40025,follows
12006,40019,employee
12008,40040,follows
12009,40020,follows
12011,40043,employee
12013,40030,follows
12015,40020,employee
12017,40028,follows
12019,40049,employee
12021,40049,follows
12024,40046,employee
12026,40032,employee
12027,40014,employee
12030,40014,employee
12031,40018,follows
12032,40026,employee
12036,40004,follows
12037,40006,follows
12038,40008,employee
12040,40043,employee
12041,40018,employee
12042,40046,follows
12044,40015,employee
12045,40009,employee
12053,40029,employee
12056,40004,employee
12057,40005,employee
12058,40044,follows
12060,40030,employee
12062,40009,follows
12064,40032,employee
12070,40013,employee
12072,40048,employee
12073,40009,employee
12078,40027,employee
12082,40005,employee
12084,40044,employee
12085,40041,employee
12086,40004,follows
12088,40040,employee
12089,40028,follows
12090,40002,follows
12091,40017,follows
12094,40009,follows
12095,40043,employee
12097,40025,follows
12099,40027,employee
12102,40015,employee
12104,40044,employee
12105,40000,follows
12107,40007,employee
12112,40013,follows
12114,40044,follows
12116,40020,follows
12120,40014,employee
12124,40042,employee
12126,40000,follows
12129,40040,employee
12130,40043,employee
12131,40009,employee
12133,40012,employee
12134,40007,employee
12135,40032,employee
12137,40012,follows
12139,40036,employee
12145,40029,employee
12146,40020,follows
12153,40045,employee
12162,40046,follows
12163,40009,employee
12164,40045,employee
12165,40022,follows
12172,40043,follows
12173,40032,employee
12176,40021,employee
12177,40049,follows
12182,40008,employee
12184,40025,employee
12185,40000,follows
12187,40026,employee
12188,40032,employee
12189,40005,employee
12194,40049,follows
12195,40035,employee
12196,40003,employee
12197,40049,employee
12204,40013,employee
12206,40036,employee
12211,40015,employee
12212,40002,employee
12215,40041,employee
12216,40030,employee
12218,40013,follows
12220,40016,employee
12221,40032,follows
12226,40043,follows
12228,40032,employee
12229,40039,employee
12231,40042,employee
12235,40042,employee
12236,40043,employee
12237,40049,follows
12238,40009,employee
12241,40010,follows
12242,40021,employee
12244,40032,employee
12245,40048,employee
12246,40026,employee
12247,40009,follows
12250,40017,employee
12254,40027,follows
12257,40046,employee
12259,40033,follows
12260,40023,employee
12262,40011,employee
12263,40047,employee
12264,40024,employee
12265,40019,employee
12266,40032,employee
12268,40041,employee
12269,40045,follows
12270,40048,employee
12272,40033,employee
12273,40034,employee
12274,40003,employee
12275,40047,follows
12277,40012,employee
12278,40015,employee
12281,40039,employee
12282,40045,employee
12284,40032,employee
12286,40027,employee
12287,40024,employee
12289,40004,employee
12290,40025,employee
12294,40014,employee
12295,40036,follows
12296,40038,employee
12298,40009,follows
12300,40036,employee
12303,40007,employee
12304,40007,employee
12305,40011,employee
12306,40014,employee
12307,40038,employee
12308,40015,follows
12310,40026,follows
12311,40015,follows
12313,40014,employee
12314,40020,follows
12315,40035,follows
12317,40044,follows
12319,40043,follows
12321,40036,follows
12324,40028,employee
12325,40038,follows
12326,40008,employee
12328,40011,employee
12330,40041,employee
12341,40045,employee
12345,40040,employee
12349,40034,employee
12350,40020,employee
12351,40028,employee
12352,40038,employee
12353,40027,employee
12355,40012,employee
12358,40025,employee
12363,40048,follows
12364,40003,employee
12365,40039,follows
12367,40047,follows
12374,40001,follows
12377,40031,employee
12378,40027,employee
12379,40027,employee
12380,40042,follows
12381,40017,employee
12382,40018,follows
12385,40026,employee
12386,40018,follows
12388,40043,employee
12389,40019,employee
12392,40044,employee
12393,40005,employee
12395,40005,employee
12398,40001,employee
12401,40036,employee
12403,40011,follows
12405,40016,follows
12413,40015,employee
12414,40022,follows
12416,40014,employee
12420,40025,follows
12421,40001,follows
12423,40005,employee
12425,40019,follows
12427,40035,employee
12431,40049,employee
12434,40022,employee
12435,40035,follows
12436,40032,employee
12438,40011,employee
12439,40005,employee
12441,40029,employee
12442,40021,employee
12443,40040,follows
12444,40035,follows
12447,40020,employee
12448,40022,employee
12451,40032,employee
12452,40022,employee
12457,40039,employee
12458,40017,employee
12463,40007,follows
12465,40015,employee
12466,40046,employee
12468,40003,follows
12470,40030,follows
12472,40038,employee
12473,40003,follows
12476,40041,follows
12477,40034,follows
12478,40027,follows
12480,40005,employee
12481,40001,employee
12482,40034,employee
12484,40003,employee
12485,40023,follows
12487,40003,employee
12489,40024,follows
12490,40004,follows
12492,40016,employee
12494,40010,follows
12495,40046,employee
12498,40010,employee
12500,40007,employee
12501,40049,follows
12502,40007,employee
12503,40016,follows
12504,40005,employee
12505,40018,employee
12507,40026,employee
12510,40038,employee
12511,40029,employee
12513,40026,employee
12515,40031,employee
12516,40027,employee
12517,40020,follows
12519,40027,employee
12520,40010,employee
12521,40034,employee
12524,40006,follows
12525,40015,follows
12526,40049,employee
12528,40014,employee
12531,40031,employee
12534,40040,follows
12536,40025,follows
12537,40004,follows
12539,40014,employee
12540,40016,employee
12541,40021,follows
12544,40022,employee
12545,40019,follows
12546,40014,employee
12549,40005,employee
12550,40031,employee
12552,40043,employee
12554,40017,employee
12555,40001,follows
12557,40045,follows
12558,40001,employee
12559,40039,follows
12561,40018,follows
12563,40021,employee
12565,40034,follows
12566,40041,follows
12568,40004,employee
12570,40035,employee
12571,40040,employee
12572,40030,employee
12573,40041,employee
12574,40007,follows
12575,40002,employee
12576,40004,employee
12577,40021,follows
12578,40001,follows
12579,40031,employee
12581,40036,employee
12582,40026,employee
12583,40025,employee
12584,40043,employee
12586,40017,employee
12588,40034,employee
12590,40006,follows
12591,40041,employee
12592,40033,follows
12594,40002,follows
12595,40012,employee
12601,40036,follows
12602,40029,employee
12603,40019,employee
12604,40029,employee
12608,40003,employee
12609,40024,employee
12610,40006,follows
12611,40011,follows
12613,40032,follows
12616,40046,employee
12618,40032,employee
12621,40037,employee
12622,40033,follows
12623,40047,employee
12624,40015,follows
12626,40048,employee
12631,40030,employee
12633,40001,employee
12635,40017,employee
12637,40025,follows
12638,40021,employee
12639,40013,employee
12640,40004,employee
12643,40015,follows
12649,40038,employee
12650,40001,employee
12651,40023,employee
12653,40036,employee
12656,40006,employee
12657,40009,employee
12658,40001,employee
12660,40044,follows
12661,40046,follows
12662,40043,employee
12667,40024,follows
12668,40026,employee
12669,40035,follows
12672,40048,employee
12673,40013,employee
12675,40042,employee
12676,40010,follows
12684,40023,employee
12685,40020,employee
12686,40014,employee
12687,40016,follows
12688,40027,employee
12690,40045,employee
12692,40015,employee
12695,40042,employee
12696,40025,employee
12698,40016,employee
12699,40001,employee
12700,40014,employee
12702,40002,employee
12704,40013,employee
12705,40046,employee
12707,40035,employee
12709,40011,employee
12711,40022,employee
12712,40040,employee
12714,40037,follows
12716,40049,employee
12717,40021,employee
12720,40033,follows
12721,40021,follows
12723,40029,follows
12725,40012,employee
12727,40002,employee
12728,40015,follows
12732,40045,follows
12734,40014,employee
12735,40005,follows
12736,40012,follows
12738,40031,follows
12742,40007,employee
12744,40040,employee
12749,40020,employee
12751,40032,follows
12755,40043,employee
12758,40042,employee
12759,40032,follows
12760,40016,employee
12761,40028,employee
12762,40003,follows
12765,40017,follows
12768,40006,employee
12769,40039,employee
12770,40028,employee
12772,40018,employee
12773,40044,employee
12774,40036,employee
12775,40044,follows
12776,40026,follows
12778,40045,employee
12780,40037,employee
12784,40013,employee
12785,40019,employee
12788,40001,employee
12792,40021,employee
12793,40005,follows
12794,40030,follows
12795,40032,follows
12801,40041,employee
12802,40008,employee
12804,40023,follows
12805,40034,follows
12806,40024,follows
12812,40004,employee
12813,40015,employee
12814,40032,employee
12815,40040,employee
12818,40000,follows
12819,40032,follows
12825,40049,employee
12826,40019,employee
12827,40010,employee
12828,40038,employee
12829,40011,employee
12830,40019,employee
12831,40008,employee
12833,40028,employee
12837,40045,follows
12839,40008,follows
12840,40006,follows
12842,40018,employee
12843,40031,employee
12844,40009,follows
12846,40002,employee
12847,40007,employee
12849,40016,employee
12852,40012,follows
12853,40004,employee
12854,40015,employee
12855,40014,follows
12856,40016,employee
12858,40024,employee
12860,40030,employee
12862,40039,employee
12863,40026,employee
12864,40024,follows
12867,40016,follows
12873,40009,follows
12876,40005,follows
12877,40019,employee
12879,40019,employee
12880,40016,employee
12882,40016,follows
12883,40041,employee
12889,40018,employee
12890,40006,follows
12894,40039,employee
12901,40011,employee
12903,40024,employee
12904,40002,employee
12905,40045,employee
12907,40000,follows
12908,40021,employee
12909,40046,employee
12911,40044,employee
12914,40021,follows
12916,40034,follows
12917,40016,follows
12918,40020,employee
12919,40031,follows
12920,40016,follows
12922,40016,employee
12929,40005,follows
12930,40031,employee
12933,40000,employee
12938,40019,follows
12939,40012,employee
12940,40035,employee
12943,40048,employee
12944,40040,follows
12946,40033,employee
12947,40040,follows
12948,40022,employee
12951,40023,employee
12953,40013,follows
12954,40003,employee
12956,40003,employee
12957,40039,employee
12959,40045,employee
12962,40004,follows
12963,40008,employee
12964,40006,follows
12967,40004,follows
12968,40005,employee
12969,40023,follows
12975,40020,employee
12976,40038,employee
12979,40017,follows
12983,40049,follows
12985,40034,follows
12986,40030,employee
12989,40003,employee
12990,40025,employee
12992,40039,follows
12994,40000,employee
12995,40008,follows
12996,40037,employee
12997,40030,employee
12999,40040,follows
13000,40049,follows
13006,40034,follows
13007,40035,employee
13009,40035,employee
13010,40044,follows
13011,40037,employee
13013,40004,follows
13018,40035,employee
13021,40004,follows
13023,40006,employee
13026,40049,employee
13027,40016,follows
13028,40008,employee
13029,40018,follows
13032,40034,employee
13033,40035,employee
13034,40027,follows
13035,40026,follows
13037,40001,employee
13038,40004,employee
13039,40034,employee
13041,40024,follows
13042,40021,employee
13046,40043,employee
13047,40022,employee
13049,40045,follows
13054,40045,employee
13057,40047,employee
13058,40035,employee
13059,40048,employee
13060,40011,employee
13061,40022,follows
13064,40018,employee
13066,40019,follows
13067,40026,employee
13068,40002,employee
13073,40012,employee
13075,40027,follows
13078,40008,employee
13079,40033,employee
13084,40036,employee
13086,40009,follows
13087,40041,employee
13088,40014,follows
13090,40010,employee
13093,40032,employee
13095,40013,employee
13097,40009,follows
13099,40003,employee
13100,40019,employee
13101,40048,employee
13102,40001,employee
13103,40010,employee
13105,40005,employee
13110,40033,employee
13111,40018,follows
13112,40005,follows
13114,40024,employee
13115,40000,follows
13116,40039,employee
13119,40011,employee
13121,40039,employee
13122,40009,follows
13123,40000,employee
13126,40022,employee
13128,40047,employee
13129,40012,employee
13131,40039,employee
13133,40020,employee
13135,40003,employee
13138,40007,employee
13141,40033,follows
13143,40031,employee
13145,40004,follows
13146,40036,employee
13147,40020,employee
13149,40010,follows
13150,40000,follows
13152,40015,follows
13156,40045,employee
13159,40004,employee
13161,40019,follows
13162,40006,follows
13165,40018,employee
13170,40028,employee
13171,40013,employee
13175,40021,follows
13179,40049,employee
13181,40030,follows
13182,40016,follows
13183,40016,employee
13186,40032,follows
13187,40030,employee
13188,40028,follows
13190,40011,follows
13191,40003,employee
13192,40026,employee
13195,40024,employee
13197,40028,follows
13201,40027,employee
13203,40013,employee
13204,40030,employee
13207,40031,follows
13211,40014,follows
13212,40027,employee
13213,40001,follows
13216,40013,employee
13218,40024,employee
13219,40005,employee
13223,40014,follows
13225,40046,employee
13227,40042,employee
13228,40021,employee
13232,40044,employee
13236,40048,employee
13237,40036,employee
13239,40039,employee
13242,40015,follows
13243,40024,employee
13246,40016,follows
13247,40049,follows
13249,40038,employee
13250,40036,employee
13254,40041,employee
13255,40031,employee
13256,40036,follows
13261,40028,employee
13264,40045,employee
13266,40038,employee
13268,40001,follows
13270,40002,follows
13273,40016,follows
13275,40021,follows
13276,40042,follows
13277,40037,follows
13278,40023,employee
13281,40013,employee
13283,40000,employee
13286,40004,employee
13288,40005,employee
13291,40049,employee
13292,40033,follows
13294,40037,employee
13296,40045,follows
13297,40043,employee
13299,40012,employee
13301,40036,follows
13303,40044,employee
13305,40034,employee
13306,40039,employee
13308,40030,employee
13311,40013,follows
13314,40039,employee
13315,40026,employee
13316,40041,follows
13317,40036,follows
13318,40023,employee
13320,40024,employee
13322,40048,follows
13326,40011,follows
13329,40004,employee
13333,40018,employee
13335,40018,employee
13336,40040,employee
13337,40046,follows
13338,40017,follows
13339,40008,employee
13340,40011,employee
13341,40037,follows
13342,40036,employee
13344,40008,follows
13346,40030,follows
13348,40003,follows
13349,40014,employee
13350,40000,employee
13352,40005,follows
13353,40035,follows
13354,40045,follows
13355,40035,employee
13356,40019,employee
13362,40026,employee
13363,40042,follows
13364,40016,employee
13365,40035,follows
13366,40028,employee
13367,40023,employee
13368,40008,employee
13370,40024,employee
13372,40043,employee
13373,40025,employee
13374,40004,employee
13375,40034,employee
13376,40002,follows
13377,40042,employee
13379,40037,employee
13381,40031,employee
13382,40039,employee
13383,40023,employee
13384,40044,employee
13385,40023,employee
13386,40033,employee
13388,40048,employee
13391,40014,employee
13399,40038,employee
13400,40018,employee
13401,40005,employee
13403,40025,employee
13404,40009,employee
13405,40005,employee
13407,40038,employee
13408,40001,follows
13413,40020,employee
13414,40015,employee
13415,40011,employee
13418,40035,employee
13419,40033,employee
13422,40029,follows
13425,40035,employee
13426,40048,employee
13427,40019,follows
13428,40033,employee
13436,40029,follows
13442,40048,follows
13444,40032,follows
13445,40033,employee
13446,40009,employee
13447,40047,employee
13449,40007,employee
13450,40028,employee
13451,40005,employee
13452,40021,employee
13454,40016,follows
13455,40039,follows
13457,40039,employee
13461,40049,follows
13463,40003,follows
13464,40044,employee
13465,40022,follows
13467,40032,employee
13471,40009,employee
13474,40042,follows
13479,40028,employee
13480,40024,follows
13481,40046,employee
13482,40016,employee
13483,40021,follows
13485,40046,employee
13486,40028,employee
13487,40007,employee
13490,40048,employee
13497,40013,employee
13499,40005,follows
13502,40049,employee
13503,40019,follows
13504,40040,employee
13505,40032,employee
13507,40020,employee
13512,40036,employee
13514,40032,follows
13517,40018,employee
13519,40012,employee
13520,40019,follows
13521,40036,follows
13525,40039,follows
13527,40026,employee
13530,40005,follows
13532,40028,employee
13537,40023,follows
13538,40026,employee
13543,40017,employee
13547,40015,employee
13550,40020,follows
13552,40022,follows
13553,40039,follows
13555,40045,employee
13559,40006,employee
13563,40009,employee
13567,40022,follows
13568,40042,employee
13570,40019,employee
13571,40028,employee
13574,40009,employee
13576,40027,follows
13578,40041,follows
13579,40020,employee
13582,40029,employee
13583,40020,follows
13584,40031,employee
13585,40044,employee
13590,40005,employee
13591,40003,employee
13592,40014,employee
13594,40046,employee
13596,40021,follows
13597,40042,employee
13598,40042,follows
13603,40030,follows
13605,40028,follows
13607,40008,employee
13608,40025,follows
13610,40011,employee
13614,40034,employee
13616,40005,employee
13617,40043,employee
13618,40036,employee
13619,40019,employee
13621,40015,employee
13622,40002,employee
13625,40043,follows
13626,40041,employee
13628,40019,follows
13629,40014,employee
13633,40027,follows
13634,40013,follows
13636,40024,employee
13637,40022,employee
13640,40018,follows
13641,40026,follows
13642,40021,employee
13643,40037,employee
13644,40016,employee
13649,40002,employee
13650,40018,follows
13653,40032,employee
13654,40006,follows
13655,40025,employee
13662,40032,follows
13663,40019,employee
13665,40039,employee
13666,40047,employee
13668,40048,follows
13670,40018,employee
13672,40017,follows
13673,40045,employee
13674,40006,employee
13676,40037,employee
13678,40015,employee
13679,40014,employee
13682,40022,employee
13683,40028,follows
13684,40017,follows
13685,40025,follows
13686,40043,employee
13687,40015,follows
13689,40018,employee
13692,40020,follows
13694,40003,employee
13696,40036,employee
13699,40008,employee
13702,40003,employee
13703,40037,employee
13705,40024,employee
13706,40017,employee
13707,40046,employee
13709,40019,employee
13712,40041,employee
13713,40002,follows
13714,40039,employee
13716,40043,employee
13717,40044,follows
13718,40012,employee
13719,40036,employee
13720,40025,employee
13725,40010,employee
13727,40004,employee
13728,40039,employee
13731,40018,follows
13733,40015,follows
13734,40021,employee
13736,40014,follows
13738,40036,follows
13739,40040,follows
13740,40049,follows
13744,40005,follows
13745,40020,follows
13748,40041,employee
13749,40022,employee
13752,40001,follows
13753,40040,employee
13754,40021,employee
13755,40047,employee
13757,40026,employee
13758,40030,employee
13759,40031,employee
13761,40002,employee
13762,40038,follows
13763,40001,follows
13764,40036,employee
13770,40027,employee
13771,40000,follows
13772,40010,follows
13775,40043,follows
13776,40015,employee
13777,40006,employee
13778,40034,employee
13779,40031,employee
13780,40044,follows
13783,40039,employee
13785,40045,employee
13787,40041,employee
13788,40025,employee
13789,40045,follows
13792,40006,employee
13793,40016,employee
13794,40036,follows
13799,40015,follows
13800,40019,follows
13803,40007,follows
13804,40005,employee
13807,40045,employee
13808,40033,employee
13811,40026,employee
13815,40049,employee
13816,40037,employee
13817,40040,follows
13819,40023,follows
13820,40046,employee
13821,40013,employee
13822,40009,employee
13823,40013,follows
13824,40035,employee
13825,40030,employee
13829,40008,employee
13832,40009,employee
13836,40018,employee
13838,40043,employee
13839,40020,follows
13847,40037,follows
13849,40015,follows
13850,40031,employee
13853,40035,employee
13854,40005,employee
13855,40027,employee
13859,40003,follows
13860,40031,employee
13861,40044,employee
13865,40044,employee
13869,40007,employee
13870,40004,employee
13871,40007,follows
13872,40010,employee
13875,40048,follows
13879,40029,employee
13881,40005,employee
13882,40025,employee
13885,40024,employee
13886,40035,employee
13887,40024,employee
13888,40039,employee
13889,40043,follows
13891,40015,follows
13892,40029,employee
13893,40016,employee
13894,40001,employee
13895,40016,employee
13896,40024,employee
13897,40030,employee
13898,40021,employee
13901,40025,follows
13902,40025,employee
13904,40045,follows
13905,40039,employee
13906,40041,employee
13908,40048,employee
13910,40041,employee
13914,40005,employee
13915,40047,employee
13916,40008,follows
13920,40044,employee
13925,40007,employee
13926,40028,follows
13927,40020,follows
13929,40017,employee
13933,40026,follows
13935,40040,employee
13937,40025,employee
13939,40044,follows
13942,40034,employee
13944,40028,follows
13951,40006,follows
13953,40001,employee
13955,40028,follows
13956,40019,follows
13957,40030,employee
13958,40013,employee
13959,40026,employee
13960,40048,follows
13961,40025,employee
13962,40026,follows
13965,40026,follows
13968,40017,employee
13969,40034,follows
13971,40039,follows
13973,40045,employee
13977,40009,employee
13980,40049,follows
13981,40003,employee
13982,40037,follows
13986,40039,follows
13987,40030,employee
13988,40008,employee
13990,40020,employee
13994,40003,follows
13996,40025,employee
14002,40022,follows
14003,40022,follows
14004,40039,employee
14005,40038,employee
14006,40004,follows
14007,40027,employee
14008,40006,follows
14010,40020,follows
14012,40020,employee
14013,40040,follows
14014,40036,employee
14015,40040,follows
14017,40034,employee
14022,40022,follows
14024,40038,employee
14025,40008,employee
14028,40016,employee
14029,40037,follows
14034,40005,employee
14036,40039,follows
14037,40000,employee
14039,40017,employee
14040,40042,employee
14043,40046,employee
14045,40004,employee
14047,40022,employee
14048,40043,employee
14050,40000,follows
14052,40024,employee
14053,40042,employee
14054,40018,follows
14057,40027,follows
14058,40012,follows
14059,40021,employee
14061,40027,follows
14062,40028,employee
14063,40036,employee
14064,40037,follows
14066,40035,employee
14068,40021,employee
14072,40034,employee
14073,40004,employee
14076,40044,employee
14078,40027,follows
14079,40022,follows
14083,40006,follows
14084,40024,employee
14086,40006,follows
14089,40035,follows
14092,40026,employee
14097,40033,follows
14098,40008,employee
14099,40040,employee
14100,40041,follows
14101,40005,follows
14102,40049,employee
14106,40028,employee
14107,40010,employee
14108,40001,employee
14110,40008,employee
14112,40027,follows
14117,40036,employee
14120,40030,follows
14121,40034,follows
14122,40027,employee
14125,40015,employee
14126,40037,employee
14129,40005,employee
14132,40043,follows
14133,40009,follows
14135,40047,follows
14136,40042,employee
14137,40023,employee
14138,40044,follows
14139,40015,follows
14140,40038,employee
14141,40003,employee
14143,40017,follows
14147,40039,employee
14148,40005,employee
14149,40044,employee
14150,40034,employee
14152,40015,employee
14153,40023,follows
14155,40035,employee
14158,40047,employee
14161,40036,employee
14162,40004,follows
14165,40020,employee
14166,40047,employee
14168,40001,follows
14169,40045,follows
14172,40010,follows
14173,40044,employee
14177,40016,employee
14179,40023,employee
14181,40016,employee
14182,40019,employee
14183,40042,follows
14184,40028,follows
14185,40034,employee
14186,40007,follows
14189,40014,employee
14191,40000,employee
14192,40029,employee
14194,40028,employee
14195,40003,employee
14197,40003,employee
14200,40011,employee
14202,40026,follows
14204,40037,follows
14205,40044,employee
14206,40001,employee
14209,40000,employee
14210,40043,employee
14211,40017,follows
14213,40028,employee
14214,40030,employee
14217,40044,follows
14218,40004,employee
14219,40010,employee
14221,40049,employee
14223,40049,follows
14224,40038,employee
14228,40035,employee
14234,40034,employee
14235,40014,follows
14238,40029,follows
14239,40028,employee
14243,40024,employee
14245,40040,follows
14247,40006,follows
14248,40043,follows
14250,40016,employee
14251,40005,follows
14253,40029,employee
14254,40042,follows
14256,40011,employee
14257,40019,follows
14259,40023,employee
14260,40025,follows
14265,40048,employee
14266,40025,employee
14269,40034,employee
14270,40011,employee
14273,40006,follows
14274,40019,follows
14275,40012,employee
14276,40000,employee
14277,40012,employee
14282,40048,employee
14286,40024,follows
14287,40022,employee
14288,40044,employee
14290,40035,follows
14291,40038,follows
14293,40015,employee
14297,40019,follows
14298,40026,employee
14300,40033,employee
14301,40022,employee
14303,40048,employee
14304,40027,employee
14306,40047,employee
14311,40038,employee
14312,40018,employee
14313,40000,employee
14315,40015,employee
14317,40014,follows
14319,40018,employee
14323,40043,follows
14325,40048,employee
14327,40035,follows
14328,40048,follows
14331,40013,follows
14332,40012,employee
14333,40036,employee
14336,40044,employee
14338,40017,employee
14340,40046,follows
14342,40000,employee
14343,40008,follows
14345,40045,employee
14346,40002,employee
14348,40040,employee
14349,40000,employee
14351,40039,employee
14352,40017,follows
14356,40016,employee
14357,40034,follows
14361,40036,employee
14362,40014,employee
14363,40016,follows
14365,40039,follows
14366,40028,employee
14367,40035,follows
14369,40030,employee
14370,40017,employee
14371,40024,employee
14373,40027,follows
14376,40012,follows
14379,40033,employee
14381,40038,follows
14383,40024,employee
14385,40019,follows
14388,40034,follows
14389,40001,employee
14390,40007,follows
14391,40007,employee
14392,40001,employee
14397,40015,employee
14399,40010,employee
14401,40035,employee
14402,40007,employee
14404,40040,follows
14406,40034,employee
14409,40031,employee
14410,40024,employee
14411,40023,employee
14414,40021,employee
14417,40022,employee
14418,40039,employee
14419,40047,employee
14420,40032,follows
14422,40020,employee
14424,40030,employee
14425,40042,employee
14426,40007,employee
14427,40033,employee
14428,40004,employee
14430,40038,employee
14431,40041,employee
14435,40013,follows
14436,40014,employee
14439,40039,follows
14441,40000,follows
14447,40035,follows
14448,40023,employee
14451,40045,follows
14453,40028,follows
14454,40042,employee
14455,40019,employee
14456,40022,employee
14457,40045,employee
14461,40019,employee
14462,40008,follows
14463,40036,follows
14464,40042,employee
14465,40036,employee
14466,40005,employee
14469,40020,follows
14471,40003,employee
14472,40013,employee
14475,40009,follows
14476,40014,employee
14477,40046,employee
14480,40013,employee
14481,40041,employee
14487,40034,follows
14490,40003,employee
14492,40045,follows
14493,40017,follows
14494,40008,employee
14497,40022,employee
14504,40009,follows
14506,40032,employee
14507,40024,employee
14508,40005,follows
14509,40021,follows
14512,40017,employee
14513,40038,follows
14514,40042,employee
14515,40012,follows
14516,40032,follows
14517,40028,employee
14520,40048,employee
14524,40025,employee
14526,40011,follows
14529,40040,employee
14532,40027,follows
14534,40033,employee
14535,40039,follows
14537,40039,employee
14540,40011,employee
14542,40041,follows
14548,40010,employee
14549,40041,employee
14550,40010,follows
14551,40026,employee
14553,40045,follows
14556,40021,employee
14558,40037,employee
14560,40048,employee
14561,40012,employee
14566,40017,follows
14567,40049,employee
14568,40045,employee
14571,40020,follows
14573,40012,employee
14574,40039,employee
14577,40043,employee
14578,40008,follows
14580,40011,employee
14584,40039,employee
14585,40049,follows
14587,40017,follows
14588,40045,follows
14589,40024,follows
14590,40045,employee
14591,40024,follows
14594,40009,employee
14595,40047,follows
14596,40023,employee
14599,40046,employee
14601,40007,follows
14602,40024,follows
14603,40046,employee
14604,40037,follows
14605,40048,employee
14607,40005,employee
14608,40033,employee
14609,40031,follows
14614,40044,employee
14616,40017,employee
14617,40001,employee
14618,40007,employee
14619,40046,follows
14620,40003,employee
14622,40033,employee
14623,40034,employee
14627,40034,employee
14629,40032,employee
14632,40010,follows
14633,40005,employee
14634,40039,follows
14639,40015,follows
14640,40041,employee
14641,40026,employee
14642,40026,employee
14643,40035,employee
14645,40020,employee
14649,40037,employee
14650,40001,employee
14651,40009,employee
14654,40001,employee
14660,40027,employee
14662,40047,employee
14664,40039,employee
14666,40042,employee
14667,40034,employee
14668,40021,follows
14669,40036,follows
14672,40025,employee
14673,40037,employee
14674,40029,employee
14675,40036,employee
14680,40017,follows
14682,40041,follows
14683,40019,employee
14684,40044,employee
14685,40002,employee
14689,40018,follows
14692,40033,employee
14693,40011,employee
14694,40025,employee
14695,40048,employee
14698,40011,follows
14699,40016,employee
14701,40014,employee
14703,40018,employee
14704,40016,employee
14705,40001,employee
14706,40020,follows
14709,40024,employee
14711,40002,follows
14714,40029,follows
14715,40039,follows
14716,40004,employee
14723,40028,employee
14724,40015,follows
14725,40029,employee
14726,40023,follows
14728,40033,employee
14729,40001,follows
14730,40030,follows
14733,40015,follows
14734,40013,employee
14735,40036,follows
14739,40023,follows
14742,40014,employee
14743,40014,employee
14747,40019,employee
14748,40033,employee
14750,40014,employee
14751,40024,follows
14752,40011,follows
14754,40002,follows
14755,40042,follows
14760,40013,employee
14761,40032,employee
14762,40011,employee
14764,40035,follows
14765,40046,employee
14769,40003,follows
14771,40041,follows
14773,40012,employee
14778,40027,follows
14780,40023,employee
14782,40020,employee
14784,40044,follows
14785,40034,employee
14786,40000,employee
14788,40018,follows
14790,40038,employee
14792,40041,employee
14794,40023,employee
14796,40040,employee
14797,40048,employee
14799,40032,employee
14801,40041,follows
14802,40049,employee
14803,40013,employee
14804,40014,employee
14808,40032,employee
14809,40028,employee
14810,40041,employee
14811,40022,follows
14812,40031,employee
14815,40032,employee
14817,40033,follows
14821,40041,employee
14823,40018,employee
14825,40017,follows
14827,40010,employee
14828,40012,employee
14829,40001,follows
14830,40018,employee
14832,40011,follows
14833,40048,follows
14834,40049,employee
14839,40049,employee
14840,40029,follows
14844,40031,employee
14847,40039,employee
14850,40032,employee
14851,40023,employee
14852,40013,follows
14854,40005,employee
14857,40004,employee
14858,40023,employee
14860,40026,follows
14861,40002,employee
14862,40015,follows
14863,40005,follows
14864,40031,employee
14866,40026,employee
14869,40019,employee
14870,40026,employee
14871,40046,follows
14872,40018,employee
14873,40037,follows
14875,40047,employee
14877,40018,employee
14880,40010,employee
14881,40015,employee
14882,40037,employee
14883,40001,employee
14884,40033,follows
14887,40007,employee
14890,40006,employee
14891,40044,employee
14892,40005,employee
14893,40011,follows
14894,40049,follows
14895,40018,employee
14896,40045,employee
14898,40000,employee
14900,40017,employee
14901,40031,employee
14903,40016,follows
14910,40021,employee
14911,40019,employee
14912,40034,employee
14913,40032,employee
14921,40011,employee
14924,40003,employee
14926,40003,employee
14928,40029,employee
14932,40045,employee
14933,40038,employee
14934,40039,employee
14937,40040,employee
14938,40002,follows
14943,40047,employee
14944,40039,employee
14945,40012,employee
14946,40041,employee
14947,40029,employee
14948,40001,employee
14951,40045,follows
14954,40047,employee
14957,40014,employee
14959,40030,employee
14961,40020,employee
14963,40025,employee
14964,40020,employee
14965,40003,follows
14968,40000,employee
14972,40039,follows
14973,40010,employee
14976,40044,employee
14977,40005,follows
14978,40043,employee
14979,40003,employee
14980,40003,employee
14981,40001,employee
14983,40029,employee
14985,40015,employee
14987,40048,employee
14988,40045,employee
14989,40018,follows
14990,40034,follows
14991,40025,follows
14993,40046,employee
14994,40002,employee
14995,40036,employee
14996,40042,employee
14997,40008,employee
14998,40012,follows
